{"cameraMode":{"drawMode":0,"name":"Shaded","section":"Shading Mode"},"sceneLighting":false,"audioPlay":false,"sceneViewState":{"showFog":true,"showMaterialUpdate":true,"showSkybox":false,"showFlares":true,"showImageEffects":true,"showParticleSystems":true},"in2DMode":false,"pivot":{"x":3.5399999618530275,"y":-0.7316129207611084,"z":0.09532380104064942},"rotation":{"x":-0.05723706632852554,"y":0.03802551329135895,"z":-0.002182939788326621,"w":-0.9976363778114319},"size":9.79553508758545,"orthographic":false}