{"cameraMode":{"drawMode":0,"name":"Shaded","section":"Shading Mode"},"sceneLighting":true,"audioPlay":false,"sceneViewState":{"showFog":true,"showMaterialUpdate":true,"showSkybox":true,"showFlares":true,"showImageEffects":true,"showParticleSystems":true},"in2DMode":false,"pivot":{"x":-1.2268505096435547,"y":1.226515769958496,"z":-4.741752624511719},"rotation":{"x":-0.11595232039690018,"y":0.29674094915390017,"z":-0.03632485494017601,"w":-0.9471986293792725},"size":20.386550903320314,"orthographic":false}