{"cameraMode":{"drawMode":0,"name":"Shaded","section":"Shading Mode"},"sceneLighting":true,"audioPlay":false,"sceneViewState":{"showFog":true,"showMaterialUpdate":true,"showSkybox":true,"showFlares":true,"showImageEffects":true,"showParticleSystems":true},"in2DMode":false,"pivot":{"x":1.8484692573547364,"y":2.850388765335083,"z":1.5828933715820313},"rotation":{"x":-0.14029890298843385,"y":-0.21731920540332795,"z":0.031581513583660129,"w":-0.9654569625854492},"size":29.265029907226564,"orthographic":false}